{"Aug 22, 2019, 5": [[36.3981631375, 52.41941871400002, 120.86983436914001, 60.67683051400002]], "04 PM": [[36.3981631375, 52.41941871400002, 120.86983436914001, 60.67683051400002]], "From": [[0, 36.3981631375, 248.39565072597998, 98.72848543600003]], "Kathy Floyd <kfloyd@post.state.nv.us>": [[0, 36.3981631375, 248.39565072597998, 98.72848543600003]], "To": [[0, 36.3981631375, 270.2173627550798, 112.99128763600004]], "Invisible Institute <foia@invisibleinstitute.com>": [[0, 36.3981631375, 270.2173627550798, 112.99128763600004]], "Hello Ms. Floyd": [[0, 36.3981631375, 501.84031603599993, 512.349749236]], "This is an email for Mr. Sherlock, whom I just spoke with on the phone. To clarify regarding this request": [[0, 36.3981631375, 575.3628093556, 542.376701236]], "We are only": [[0, 36.3981631375, 575.3628093556, 542.376701236]], "seeking the information requested that can be provided in a digital spreadsheet format, and that we understand": [[0, 36.3981631375, 552.2738848847201, 557.390177236]], "there are some data points that are not maintained or cannot be released by POST.": [[0, 36.3981631375, 561.894220036, 572.403653236]], "Please contact me with any further questions.": [[0, 36.3981631375, 591.9211720359999, 602.430605236]], "Thank you": [[0, 36.3981631375, 621.9481240359999, 632.457557236]], "On August 20, 2019 at 10:13 AM, Kathy Floyd (kfloyd@post.state.nv.us) wrote:": [[0, 36.3981631375, 666.9885520359999, 677.497985236]], "<Signed letter - Invisible Institute.pdf>": [[0, 45.253771875244, 717.2836966359998, 727.7931298359999]]}